id,target
c0f722661,-1.6997725450034484
f0953f0a5,-0.3324572993844934
0df072751,0.036560683920991544
04caf4e0c,-1.7388371068964381
0e63f8bea,-1.306039573007639
12537fe78,-0.9717629258157429
965e592c0,0.5091883250611668
